trial_id,planner,actual_height_m,initial_estimate_m,sensor_profile,seed,initial_condition,run_id,run_directory,attempted,passed,status,error,source_sha256,model_files,requested_lift_height_m,peak_normal_force_first_100ms_n,normal_impulse_first_100ms_ns,maximum_roll_pitch_change_during_landing_deg,maximum_com_reference_error_during_landing_m,lowering_to_touchdown_s,lowering_to_completion_s,completion_time_s,height_belief_error_at_contact_confirmation_m,planner_mean_compute_time_s,planner_maximum_compute_time_s,reference_projection_count,planner_fallback_count,fallback_active_time_s,fallback_commanded_foot_descent_m,fallback_commanded_com_travel_m,fallback_active_plan_count,minimum_unsupported_remaining_time_s,missing_contact_planning_updates,minimum_raw_model_remaining_time_s,minimum_raw_recovery_remaining_time_s,recovery_planning_updates,learned_prior_active_plan_count,learned_prior_active_plan_fraction,positive_remaining_time_fraction,positive_remaining_time_fraction_after_missing,raw_model_positive_remaining_time_fraction,raw_recovery_positive_remaining_time_fraction,model_positive_remaining_time_fraction,optimized_positive_remaining_time_fraction,feasible_positive_remaining_time_fraction,remaining_time_mae_to_confirmed_reload_s,remaining_time_mae_after_missing_s,lowering_initial_measured_foot_bottom_m,actual_lowering_initial_foot_bottom_m,actual_lowering_initial_com_z_m,lowering_initial_measured_com_w,failed_criteria
eval_matched_predictive_h-6mm_seed17_nominal,matched_predictive,-0.006,0.0,noisy_delayed,17,nominal,pad_matched_predictive_20260921T083449_152540Z,/home/ibrahim/Documents/GO-2 PRIMP/primp_project/results/landing_pad/study_v2/evaluation/pad_matched_predictive_20260921T083449_152540Z,True,True,completed,,e3cc580065831059bb7286330ffe467a495d8d91b43b01fea25eb7d53f6c54bd,"{'model/model.npz': '603829ce172190363291b5703aae84d4cfb64e019375ccaf32fccd4d8c133fe4', 'model/model.json': '41cd130a59870e8858ae4184fc43cd18707b07692a6fab3be6e940b243f62dd6', 'recovery_model/recovery.npz': '2ec6f32dce0e213086fe50537863d28ad293512fa91311c7f63112741f09c9ee', 'recovery_model/recovery.json': '6f9dadd6dbdab0d0c4a69721b85926ccb6b4d23c7cff68c4753fd26a92938882'}",0.03,1.128276005158553,0.1005355964027953,0.4797109423825323,0.015060487973906427,4.627999999997435,14.8879999999928,32.59199999999387,0.0007941870161748202,0.002489780191126556,0.004698024000390433,0.0,0.0,0.0,0.0,0.0,0,0.7696268171169431,26,0.7696268171169431,0.7696268171169431,68,0,0.0,1.0,1.0,,,,1.0,1.0,1.0913849471492065,0.8723140397451636,0.030120701914579384,0.0298215124726317,0.2580825299907001,"[-0.06686759488012525, -0.04708388796836721, 0.2578266871907798]",[]
eval_matched_learned_h-6mm_seed17_nominal,matched_learned,-0.006,0.0,noisy_delayed,17,nominal,pad_matched_learned_20260921T083449_239195Z,/home/ibrahim/Documents/GO-2 PRIMP/primp_project/results/landing_pad/study_v2/evaluation/pad_matched_learned_20260921T083449_239195Z,True,True,completed,,e3cc580065831059bb7286330ffe467a495d8d91b43b01fea25eb7d53f6c54bd,"{'model/model.npz': '603829ce172190363291b5703aae84d4cfb64e019375ccaf32fccd4d8c133fe4', 'model/model.json': '41cd130a59870e8858ae4184fc43cd18707b07692a6fab3be6e940b243f62dd6', 'recovery_model/recovery.npz': '2ec6f32dce0e213086fe50537863d28ad293512fa91311c7f63112741f09c9ee', 'recovery_model/recovery.json': '6f9dadd6dbdab0d0c4a69721b85926ccb6b4d23c7cff68c4753fd26a92938882'}",0.03,1.0626708585889793,0.09227179607721402,0.4764890970532197,0.015067498410681529,4.641999999997427,14.809999999992705,32.51399999999377,0.0008246677406764848,0.007768784022105405,0.011420195000027888,0.0,42.0,0.45999999999974506,0.0005276121131748187,0.00022587696801149625,42,0.764607804602195,23,0.2842155292660491,0.2842155292660491,65,94,0.6911764705882353,1.0,1.0,1.0,1.0,1.0,1.0,1.0,0.9153855485319446,1.0341360902773962,0.030120701914579384,0.02982151464194472,0.25808252999677106,"[-0.06686759488012525, -0.04708388796836721, 0.2578266871907798]",[]
eval_matched_no_body_foot_correlation_h-6mm_seed17_nominal,matched_no_body_foot_correlation,-0.006,0.0,noisy_delayed,17,nominal,pad_matched_no_body_foot_correlation_20260921T083449_310325Z,/home/ibrahim/Documents/GO-2 PRIMP/primp_project/results/landing_pad/study_v2/evaluation/pad_matched_no_body_foot_correlation_20260921T083449_310325Z,True,True,completed,,e3cc580065831059bb7286330ffe467a495d8d91b43b01fea25eb7d53f6c54bd,"{'model/model.npz': '603829ce172190363291b5703aae84d4cfb64e019375ccaf32fccd4d8c133fe4', 'model/model.json': '41cd130a59870e8858ae4184fc43cd18707b07692a6fab3be6e940b243f62dd6', 'recovery_model/recovery.npz': '2ec6f32dce0e213086fe50537863d28ad293512fa91311c7f63112741f09c9ee', 'recovery_model/recovery.json': '6f9dadd6dbdab0d0c4a69721b85926ccb6b4d23c7cff68c4753fd26a92938882'}",0.03,1.0411244581019758,0.09122668471311539,0.4740682434499351,0.015079233252505696,4.667999999997413,14.809999999992705,32.51399999999377,0.000746640544222469,0.008286794610722533,0.013572996000220883,0.0,36.0,0.423999999999765,0.00048686756498788654,0.00023382061232791646,36,0.7801441901151944,24,0.2881768708839621,0.2881768708839621,60,95,0.7251908396946565,1.0,1.0,1.0,1.0,1.0,1.0,1.0,0.9577535334771762,1.0578980494502364,0.030120701914579384,0.029821510447248616,0.2580825299617269,"[-0.06686759488012525, -0.04708388796836721, 0.2578266871907798]",[]
eval_matched_no_timing_adaptation_h-6mm_seed17_nominal,matched_no_timing_adaptation,-0.006,0.0,noisy_delayed,17,nominal,pad_matched_no_timing_adaptation_20260921T083449_377847Z,/home/ibrahim/Documents/GO-2 PRIMP/primp_project/results/landing_pad/study_v2/evaluation/pad_matched_no_timing_adaptation_20260921T083449_377847Z,True,True,completed,,e3cc580065831059bb7286330ffe467a495d8d91b43b01fea25eb7d53f6c54bd,"{'model/model.npz': '603829ce172190363291b5703aae84d4cfb64e019375ccaf32fccd4d8c133fe4', 'model/model.json': '41cd130a59870e8858ae4184fc43cd18707b07692a6fab3be6e940b243f62dd6', 'recovery_model/recovery.npz': '2ec6f32dce0e213086fe50537863d28ad293512fa91311c7f63112741f09c9ee', 'recovery_model/recovery.json': '6f9dadd6dbdab0d0c4a69721b85926ccb6b4d23c7cff68c4753fd26a92938882'}",0.03,1.0504175047724829,0.0923595812805007,0.47077385696551033,0.015079283156998564,4.461999999997527,14.65799999999252,32.361999999993586,0.0007478075001277965,0.008333642278706916,0.012809116000426002,0.0,30.0,0.3779999999997905,0.00043030393079914776,0.0002012360439575966,30,0.7695594427962554,25,0.28527858390025407,0.28527858390025407,56,92,0.7540983606557377,1.0,1.0,1.0,1.0,1.0,1.0,1.0,1.0495782573259453,0.9853350832301995,0.030120701914579384,0.029821507784410443,0.25808252993250885,"[-0.06686759488012525, -0.04708388796836721, 0.2578266871907798]",[]
eval_matched_no_noncontact_updates_h-6mm_seed17_nominal,matched_no_noncontact_updates,-0.006,0.0,noisy_delayed,17,nominal,pad_matched_no_noncontact_updates_20260921T083530_270313Z,/home/ibrahim/Documents/GO-2 PRIMP/primp_project/results/landing_pad/study_v2/evaluation/pad_matched_no_noncontact_updates_20260921T083530_270313Z,True,True,completed,,e3cc580065831059bb7286330ffe467a495d8d91b43b01fea25eb7d53f6c54bd,"{'model/model.npz': '603829ce172190363291b5703aae84d4cfb64e019375ccaf32fccd4d8c133fe4', 'model/model.json': '41cd130a59870e8858ae4184fc43cd18707b07692a6fab3be6e940b243f62dd6', 'recovery_model/recovery.npz': '2ec6f32dce0e213086fe50537863d28ad293512fa91311c7f63112741f09c9ee', 'recovery_model/recovery.json': '6f9dadd6dbdab0d0c4a69721b85926ccb6b4d23c7cff68c4753fd26a92938882'}",0.03,0.8449363564011091,0.07348064357807353,0.480162152722488,0.015101494557776984,5.143999999997149,15.613999999993688,33.317999999994754,0.0007937473580381625,0.006609105423845205,0.01224662200002058,0.0,81.0,2.4079999999986654,0.004797738681751852,0.0013642040725408023,81,0.6968429689615474,34,0.28084497970465966,0.28084497970465966,81,70,0.46357615894039733,1.0,1.0,1.0,1.0,1.0,1.0,1.0,1.1792194704323091,0.6260273978632229,0.030120701914579384,0.02982151464194472,0.25808252999677106,"[-0.06686759488012525, -0.04708388796836721, 0.2578266871907798]",[]
eval_matched_predictive_h-6mm_seed17_raised,matched_predictive,-0.006,0.0,noisy_delayed,17,raised,pad_matched_predictive_20260921T083531_018134Z,/home/ibrahim/Documents/GO-2 PRIMP/primp_project/results/landing_pad/study_v2/evaluation/pad_matched_predictive_20260921T083531_018134Z,True,True,completed,,e3cc580065831059bb7286330ffe467a495d8d91b43b01fea25eb7d53f6c54bd,"{'model/model.npz': '603829ce172190363291b5703aae84d4cfb64e019375ccaf32fccd4d8c133fe4', 'model/model.json': '41cd130a59870e8858ae4184fc43cd18707b07692a6fab3be6e940b243f62dd6', 'recovery_model/recovery.npz': '2ec6f32dce0e213086fe50537863d28ad293512fa91311c7f63112741f09c9ee', 'recovery_model/recovery.json': '6f9dadd6dbdab0d0c4a69721b85926ccb6b4d23c7cff68c4753fd26a92938882'}",0.035,1.1250819768134945,0.09994718492819535,0.4782904093490817,0.01506086479603675,4.829999999997323,15.101999999993062,32.80599999999413,0.0006557610681526141,0.0025170649252537927,0.0049093080015154555,0.0,0.0,0.0,0.0,0.0,0,0.795650599291129,28,0.795650599291129,0.795650599291129,77,0,0.0,1.0,1.0,,,,1.0,1.0,1.1556015952637677,0.8173132506336446,0.035109625053259624,0.03481056921653058,0.2580934183572387,"[-0.06687382319534112, -0.04708281441771154, 0.25783769028514103]",[]
eval_matched_learned_h-6mm_seed17_raised,matched_learned,-0.006,0.0,noisy_delayed,17,raised,pad_matched_learned_20260921T083531_182251Z,/home/ibrahim/Documents/GO-2 PRIMP/primp_project/results/landing_pad/study_v2/evaluation/pad_matched_learned_20260921T083531_182251Z,True,True,completed,,e3cc580065831059bb7286330ffe467a495d8d91b43b01fea25eb7d53f6c54bd,"{'model/model.npz': '603829ce172190363291b5703aae84d4cfb64e019375ccaf32fccd4d8c133fe4', 'model/model.json': '41cd130a59870e8858ae4184fc43cd18707b07692a6fab3be6e940b243f62dd6', 'recovery_model/recovery.npz': '2ec6f32dce0e213086fe50537863d28ad293512fa91311c7f63112741f09c9ee', 'recovery_model/recovery.json': '6f9dadd6dbdab0d0c4a69721b85926ccb6b4d23c7cff68c4753fd26a92938882'}",0.035,1.0176351213540675,0.09234733809709934,0.4730036138850805,0.015074849811567106,4.939999999997262,15.125999999993091,32.82999999999416,0.0006563830222252234,0.00850048077530158,0.014520608001475921,0.0,37.0,0.405999999999775,0.0004490442944180776,0.00020280517629647259,37,0.8087131193038589,25,0.29713777140998643,0.29713777140998643,63,101,0.7318840579710145,1.0,1.0,1.0,1.0,1.0,1.0,1.0,1.0263224750964084,0.9615962734999159,0.035109625053259624,0.0348105754810319,0.2580934184122639,"[-0.06687382319534112, -0.04708281441771154, 0.25783769028514103]",[]
eval_matched_no_body_foot_correlation_h-6mm_seed17_raised,matched_no_body_foot_correlation,-0.006,0.0,noisy_delayed,17,raised,pad_matched_no_body_foot_correlation_20260921T083531_318360Z,/home/ibrahim/Documents/GO-2 PRIMP/primp_project/results/landing_pad/study_v2/evaluation/pad_matched_no_body_foot_correlation_20260921T083531_318360Z,True,True,completed,,e3cc580065831059bb7286330ffe467a495d8d91b43b01fea25eb7d53f6c54bd,"{'model/model.npz': '603829ce172190363291b5703aae84d4cfb64e019375ccaf32fccd4d8c133fe4', 'model/model.json': '41cd130a59870e8858ae4184fc43cd18707b07692a6fab3be6e940b243f62dd6', 'recovery_model/recovery.npz': '2ec6f32dce0e213086fe50537863d28ad293512fa91311c7f63112741f09c9ee', 'recovery_model/recovery.json': '6f9dadd6dbdab0d0c4a69721b85926ccb6b4d23c7cff68c4753fd26a92938882'}",0.035,1.0507513880911223,0.09345064411436549,0.47152087765030065,0.015082129523421398,4.917999999997274,15.039999999992986,32.74399999999405,0.0007231450747329721,0.008777533274069018,0.01350787100091111,0.0,35.0,0.3979999999997794,0.00045869256293034136,0.00020818500813270913,35,0.791664521100803,24,0.2917956310478897,0.2917956310478897,59,100,0.7407407407407407,1.0,1.0,1.0,1.0,1.0,1.0,1.0,1.0227687950695972,1.0612130250360128,0.035109625053259624,0.03481057039135076,0.2580934183697744,"[-0.06687382319534112, -0.04708281441771154, 0.25783769028514103]",[]
eval_matched_no_timing_adaptation_h-6mm_seed17_raised,matched_no_timing_adaptation,-0.006,0.0,noisy_delayed,17,raised,pad_matched_no_timing_adaptation_20260921T083612_409916Z,/home/ibrahim/Documents/GO-2 PRIMP/primp_project/results/landing_pad/study_v2/evaluation/pad_matched_no_timing_adaptation_20260921T083612_409916Z,True,True,completed,,e3cc580065831059bb7286330ffe467a495d8d91b43b01fea25eb7d53f6c54bd,"{'model/model.npz': '603829ce172190363291b5703aae84d4cfb64e019375ccaf32fccd4d8c133fe4', 'model/model.json': '41cd130a59870e8858ae4184fc43cd18707b07692a6fab3be6e940b243f62dd6', 'recovery_model/recovery.npz': '2ec6f32dce0e213086fe50537863d28ad293512fa91311c7f63112741f09c9ee', 'recovery_model/recovery.json': '6f9dadd6dbdab0d0c4a69721b85926ccb6b4d23c7cff68c4753fd26a92938882'}",0.035,1.0036682595387005,0.08999409020475477,0.47088813195402174,0.01507513549826619,4.569999999997467,14.727999999992605,32.43199999999367,0.0006827236460163009,0.009174002380874183,0.051572991000284674,0.0,32.0,0.38599999999978607,0.00041457319707684064,0.00020619541956695637,32,0.7911748426800903,24,0.2917550436884864,0.2917550436884864,57,94,0.746031746031746,1.0,1.0,1.0,1.0,1.0,1.0,1.0,1.0948738696518268,1.0327393015384017,0.035109625053259624,0.03481056436048367,0.25809341830928223,"[-0.06687382319534112, -0.04708281441771154, 0.25783769028514103]",[]
eval_matched_no_noncontact_updates_h-6mm_seed17_raised,matched_no_noncontact_updates,-0.006,0.0,noisy_delayed,17,raised,pad_matched_no_noncontact_updates_20260921T083613_021480Z,/home/ibrahim/Documents/GO-2 PRIMP/primp_project/results/landing_pad/study_v2/evaluation/pad_matched_no_noncontact_updates_20260921T083613_021480Z,True,True,completed,,e3cc580065831059bb7286330ffe467a495d8d91b43b01fea25eb7d53f6c54bd,"{'model/model.npz': '603829ce172190363291b5703aae84d4cfb64e019375ccaf32fccd4d8c133fe4', 'model/model.json': '41cd130a59870e8858ae4184fc43cd18707b07692a6fab3be6e940b243f62dd6', 'recovery_model/recovery.npz': '2ec6f32dce0e213086fe50537863d28ad293512fa91311c7f63112741f09c9ee', 'recovery_model/recovery.json': '6f9dadd6dbdab0d0c4a69721b85926ccb6b4d23c7cff68c4753fd26a92938882'}",0.035,0.834730267013298,0.07303829273495346,0.4787704345960726,0.015096989054262475,5.355999999997032,15.841999999993966,33.54599999999503,0.0009919089495518726,0.00692435272093781,0.05199377999997523,0.0,79.0,2.375999999998683,0.004537587344750262,0.0013977955123651987,79,0.6815615758905859,33,0.24510564923449518,0.2606378425088086,79,75,0.487012987012987,1.0,1.0,1.0,1.0,1.0,1.0,1.0,1.244618705483247,0.6348021534964037,0.035109625053259624,0.0348105754810319,0.2580934184122639,"[-0.06687382319534112, -0.04708281441771154, 0.25783769028514103]",[]
eval_matched_predictive_h-6mm_seed29_nominal,matched_predictive,-0.006,0.0,noisy_delayed,29,nominal,pad_matched_predictive_20260921T083613_603295Z,/home/ibrahim/Documents/GO-2 PRIMP/primp_project/results/landing_pad/study_v2/evaluation/pad_matched_predictive_20260921T083613_603295Z,True,True,completed,,e3cc580065831059bb7286330ffe467a495d8d91b43b01fea25eb7d53f6c54bd,"{'model/model.npz': '603829ce172190363291b5703aae84d4cfb64e019375ccaf32fccd4d8c133fe4', 'model/model.json': '41cd130a59870e8858ae4184fc43cd18707b07692a6fab3be6e940b243f62dd6', 'recovery_model/recovery.npz': '2ec6f32dce0e213086fe50537863d28ad293512fa91311c7f63112741f09c9ee', 'recovery_model/recovery.json': '6f9dadd6dbdab0d0c4a69721b85926ccb6b4d23c7cff68c4753fd26a92938882'}",0.03,1.1430064438344232,0.10177073762365924,0.4797366032316419,0.015062216580210045,4.631999999997433,14.885999999992798,32.589999999993864,0.0008100270537241272,0.0029102823482928756,0.047321644000476226,0.0,0.0,0.0,0.0,0.0,0,0.7700627845470848,26,0.7700627845470848,0.7700627845470848,67,0,0.0,1.0,1.0,,,,1.0,1.0,1.096044726137074,0.8470118191697852,0.030165003966676436,0.029821512467885836,0.25808252999065784,"[-0.06750015063978843, -0.04761579852235616, 0.2585508634092852]",[]
eval_matched_learned_h-6mm_seed29_nominal,matched_learned,-0.006,0.0,noisy_delayed,29,nominal,pad_matched_learned_20260921T083613_771760Z,/home/ibrahim/Documents/GO-2 PRIMP/primp_project/results/landing_pad/study_v2/evaluation/pad_matched_learned_20260921T083613_771760Z,True,True,completed,,e3cc580065831059bb7286330ffe467a495d8d91b43b01fea25eb7d53f6c54bd,"{'model/model.npz': '603829ce172190363291b5703aae84d4cfb64e019375ccaf32fccd4d8c133fe4', 'model/model.json': '41cd130a59870e8858ae4184fc43cd18707b07692a6fab3be6e940b243f62dd6', 'recovery_model/recovery.npz': '2ec6f32dce0e213086fe50537863d28ad293512fa91311c7f63112741f09c9ee', 'recovery_model/recovery.json': '6f9dadd6dbdab0d0c4a69721b85926ccb6b4d23c7cff68c4753fd26a92938882'}",0.03,1.0306307631497078,0.09422783156575615,0.4731084717750556,0.015081454991959696,4.661999999997416,14.82199999999272,32.525999999993786,0.0007960777507253144,0.00915822535718314,0.05316679800125712,0.0,29.0,0.3579999999998016,0.0003293438358975224,0.00020605765355169117,29,0.7807284246660974,24,0.28852112634602217,0.28852112634602217,55,97,0.7698412698412699,1.0,1.0,1.0,1.0,1.0,1.0,1.0,0.9501918242251073,1.0027096471343213,0.030165003966676436,0.02982151476035922,0.25808252999769893,"[-0.06750015063978843, -0.04761579852235616, 0.2585508634092852]",[]
eval_matched_no_body_foot_correlation_h-6mm_seed29_nominal,matched_no_body_foot_correlation,-0.006,0.0,noisy_delayed,29,nominal,pad_matched_no_body_foot_correlation_20260921T083654_205028Z,/home/ibrahim/Documents/GO-2 PRIMP/primp_project/results/landing_pad/study_v2/evaluation/pad_matched_no_body_foot_correlation_20260921T083654_205028Z,True,True,completed,,e3cc580065831059bb7286330ffe467a495d8d91b43b01fea25eb7d53f6c54bd,"{'model/model.npz': '603829ce172190363291b5703aae84d4cfb64e019375ccaf32fccd4d8c133fe4', 'model/model.json': '41cd130a59870e8858ae4184fc43cd18707b07692a6fab3be6e940b243f62dd6', 'recovery_model/recovery.npz': '2ec6f32dce0e213086fe50537863d28ad293512fa91311c7f63112741f09c9ee', 'recovery_model/recovery.json': '6f9dadd6dbdab0d0c4a69721b85926ccb6b4d23c7cff68c4753fd26a92938882'}",0.03,1.0342292163974416,0.09374565387836807,0.4720194070522378,0.015090675590962969,4.631999999997433,14.803999999992698,32.507999999993764,0.0008228184925012571,0.009267783232062357,0.053493389999857754,0.0,29.0,0.3739999999997927,0.0003259655764310844,0.00021872973863929645,29,0.7924070393060735,22,0.2921243485598434,0.2921243485598434,53,96,0.768,1.0,1.0,1.0,1.0,1.0,1.0,1.0,0.9468430529886472,1.003065123434059,0.030165003966676436,0.029821510294723602,0.25808252996041064,"[-0.06750015063978843, -0.04761579852235616, 0.2585508634092852]",[]
eval_matched_no_timing_adaptation_h-6mm_seed29_nominal,matched_no_timing_adaptation,-0.006,0.0,noisy_delayed,29,nominal,pad_matched_no_timing_adaptation_20260921T083654_735566Z,/home/ibrahim/Documents/GO-2 PRIMP/primp_project/results/landing_pad/study_v2/evaluation/pad_matched_no_timing_adaptation_20260921T083654_735566Z,True,True,completed,,e3cc580065831059bb7286330ffe467a495d8d91b43b01fea25eb7d53f6c54bd,"{'model/model.npz': '603829ce172190363291b5703aae84d4cfb64e019375ccaf32fccd4d8c133fe4', 'model/model.json': '41cd130a59870e8858ae4184fc43cd18707b07692a6fab3be6e940b243f62dd6', 'recovery_model/recovery.npz': '2ec6f32dce0e213086fe50537863d28ad293512fa91311c7f63112741f09c9ee', 'recovery_model/recovery.json': '6f9dadd6dbdab0d0c4a69721b85926ccb6b4d23c7cff68c4753fd26a92938882'}",0.03,1.046197922163195,0.0923232597172145,0.4714441317996478,0.015080572917778288,4.459999999997528,14.623999999992478,32.327999999993544,0.000637630924084376,0.008904287077982076,0.05225244699977338,0.0,37.0,0.4019999999997772,0.0005035570180023496,0.00022777709990535927,37,0.8053989513742609,24,0.2962471102944678,0.2962471102944678,62,91,0.7109375,1.0,1.0,1.0,1.0,1.0,1.0,1.0,1.0249149695255344,0.9708168013344555,0.030165003966676436,0.02982150777871833,0.25808252993226466,"[-0.06750015063978843, -0.04761579852235616, 0.2585508634092852]",[]
eval_matched_no_noncontact_updates_h-6mm_seed29_nominal,matched_no_noncontact_updates,-0.006,0.0,noisy_delayed,29,nominal,pad_matched_no_noncontact_updates_20260921T083655_719649Z,/home/ibrahim/Documents/GO-2 PRIMP/primp_project/results/landing_pad/study_v2/evaluation/pad_matched_no_noncontact_updates_20260921T083655_719649Z,True,True,completed,,e3cc580065831059bb7286330ffe467a495d8d91b43b01fea25eb7d53f6c54bd,"{'model/model.npz': '603829ce172190363291b5703aae84d4cfb64e019375ccaf32fccd4d8c133fe4', 'model/model.json': '41cd130a59870e8858ae4184fc43cd18707b07692a6fab3be6e940b243f62dd6', 'recovery_model/recovery.npz': '2ec6f32dce0e213086fe50537863d28ad293512fa91311c7f63112741f09c9ee', 'recovery_model/recovery.json': '6f9dadd6dbdab0d0c4a69721b85926ccb6b4d23c7cff68c4753fd26a92938882'}",0.03,0.8458202649894874,0.07369146878813207,0.4799832685389564,0.015104150318658638,5.053999999997199,15.559999999993622,33.26399999999469,0.0008255965884404817,0.007016473173353006,0.05244289800066326,0.0,79.0,2.2419999999987574,0.004277288246704772,0.0013544487446585894,79,0.6470953981244915,31,0.27764282617387426,0.27764282617387426,79,71,0.47333333333333333,1.0,1.0,1.0,1.0,1.0,1.0,1.0,1.147843272775831,0.653211829726447,0.030165003966676436,0.02982151476035922,0.25808252999769893,"[-0.06750015063978843, -0.04761579852235616, 0.2585508634092852]",[]
eval_matched_predictive_h-6mm_seed29_raised,matched_predictive,-0.006,0.0,noisy_delayed,29,raised,pad_matched_predictive_20260921T083656_202450Z,/home/ibrahim/Documents/GO-2 PRIMP/primp_project/results/landing_pad/study_v2/evaluation/pad_matched_predictive_20260921T083656_202450Z,True,True,completed,,e3cc580065831059bb7286330ffe467a495d8d91b43b01fea25eb7d53f6c54bd,"{'model/model.npz': '603829ce172190363291b5703aae84d4cfb64e019375ccaf32fccd4d8c133fe4', 'model/model.json': '41cd130a59870e8858ae4184fc43cd18707b07692a6fab3be6e940b243f62dd6', 'recovery_model/recovery.npz': '2ec6f32dce0e213086fe50537863d28ad293512fa91311c7f63112741f09c9ee', 'recovery_model/recovery.json': '6f9dadd6dbdab0d0c4a69721b85926ccb6b4d23c7cff68c4753fd26a92938882'}",0.035,1.1352943432933533,0.10189591462477307,0.47812163090447857,0.015062605383152102,4.7479999999973685,15.00199999999294,32.705999999994006,0.0006622641997730255,0.0029278604178718743,0.04832638900006714,0.0,0.0,0.0,0.0,0.0,0,0.8073218834574653,25,0.8073218834574653,0.8073218834574653,63,0,0.0,1.0,1.0,,,,1.0,1.0,1.174195060619923,0.8444781502115873,0.035153927105356676,0.03481056923354851,0.2580934183573904,"[-0.06750637895500429, -0.04761472497170049, 0.25856186650364643]",[]
eval_matched_learned_h-6mm_seed29_raised,matched_learned,-0.006,0.0,noisy_delayed,29,raised,pad_matched_learned_20260921T083736_153381Z,/home/ibrahim/Documents/GO-2 PRIMP/primp_project/results/landing_pad/study_v2/evaluation/pad_matched_learned_20260921T083736_153381Z,True,True,completed,,e3cc580065831059bb7286330ffe467a495d8d91b43b01fea25eb7d53f6c54bd,"{'model/model.npz': '603829ce172190363291b5703aae84d4cfb64e019375ccaf32fccd4d8c133fe4', 'model/model.json': '41cd130a59870e8858ae4184fc43cd18707b07692a6fab3be6e940b243f62dd6', 'recovery_model/recovery.npz': '2ec6f32dce0e213086fe50537863d28ad293512fa91311c7f63112741f09c9ee', 'recovery_model/recovery.json': '6f9dadd6dbdab0d0c4a69721b85926ccb6b4d23c7cff68c4753fd26a92938882'}",0.035,1.0645040058142874,0.0936660167711912,0.472888239882183,0.015071731138676013,4.867999999997302,15.00199999999294,32.705999999994006,0.0006850704075164714,0.008572523404566063,0.01353170900074474,0.0,31.0,0.3599999999998005,0.0003640946234813973,0.00017943278267783182,31,0.8024271982052738,23,0.29510516743808035,0.29510516743808035,55,100,0.7633587786259542,1.0,1.0,1.0,1.0,1.0,1.0,1.0,0.9797254000350656,1.030846112971129,0.035153927105356676,0.034810575633286,0.2580934184134663,"[-0.06750637895500429, -0.04761472497170049, 0.25856186650364643]",[]
eval_matched_no_body_foot_correlation_h-6mm_seed29_raised,matched_no_body_foot_correlation,-0.006,0.0,noisy_delayed,29,raised,pad_matched_no_body_foot_correlation_20260921T083736_500836Z,/home/ibrahim/Documents/GO-2 PRIMP/primp_project/results/landing_pad/study_v2/evaluation/pad_matched_no_body_foot_correlation_20260921T083736_500836Z,True,True,completed,,e3cc580065831059bb7286330ffe467a495d8d91b43b01fea25eb7d53f6c54bd,"{'model/model.npz': '603829ce172190363291b5703aae84d4cfb64e019375ccaf32fccd4d8c133fe4', 'model/model.json': '41cd130a59870e8858ae4184fc43cd18707b07692a6fab3be6e940b243f62dd6', 'recovery_model/recovery.npz': '2ec6f32dce0e213086fe50537863d28ad293512fa91311c7f63112741f09c9ee', 'recovery_model/recovery.json': '6f9dadd6dbdab0d0c4a69721b85926ccb6b4d23c7cff68c4753fd26a92938882'}",0.035,1.0677939707848587,0.0943395938193077,0.4710426542349143,0.015081159365294581,4.903999999997282,15.037999999992984,32.74199999999405,0.0006946847059882506,0.008887389576865154,0.013220498998634866,0.0,30.0,0.3819999999997883,0.00043132528940262836,0.0002015093768127038,30,0.7843980212976186,23,0.28958946853340195,0.28958946853340195,54,100,0.7692307692307693,1.0,1.0,1.0,1.0,1.0,1.0,1.0,1.0084521213326323,1.004738552824237,0.035153927105356676,0.03481057019636618,0.2580934183680799,"[-0.06750637895500429, -0.04761472497170049, 0.25856186650364643]",[]
eval_matched_no_timing_adaptation_h-6mm_seed29_raised,matched_no_timing_adaptation,-0.006,0.0,noisy_delayed,29,raised,pad_matched_no_timing_adaptation_20260921T083737_721199Z,/home/ibrahim/Documents/GO-2 PRIMP/primp_project/results/landing_pad/study_v2/evaluation/pad_matched_no_timing_adaptation_20260921T083737_721199Z,True,True,completed,,e3cc580065831059bb7286330ffe467a495d8d91b43b01fea25eb7d53f6c54bd,"{'model/model.npz': '603829ce172190363291b5703aae84d4cfb64e019375ccaf32fccd4d8c133fe4', 'model/model.json': '41cd130a59870e8858ae4184fc43cd18707b07692a6fab3be6e940b243f62dd6', 'recovery_model/recovery.npz': '2ec6f32dce0e213086fe50537863d28ad293512fa91311c7f63112741f09c9ee', 'recovery_model/recovery.json': '6f9dadd6dbdab0d0c4a69721b85926ccb6b4d23c7cff68c4753fd26a92938882'}",0.035,1.03409346324947,0.09260513614509486,0.46920256044075287,0.01508490360582706,4.567999999997468,14.743999999992624,32.44799999999369,0.0007383547226686438,0.00921673379840046,0.061894481999843265,0.0,35.0,0.3799999999997894,0.0004018300725520986,0.00021469272223250272,35,0.7993635624142382,24,0.29426965446001785,0.29426965446001785,60,94,0.7286821705426356,1.0,1.0,1.0,1.0,1.0,1.0,1.0,1.0834372140715165,0.9788327284724684,0.035153927105356676,0.034810564354950384,0.2580934183090431,"[-0.06750637895500429, -0.04761472497170049, 0.25856186650364643]",[]
eval_matched_no_noncontact_updates_h-6mm_seed29_raised,matched_no_noncontact_updates,-0.006,0.0,noisy_delayed,29,raised,pad_matched_no_noncontact_updates_20260921T083738_570540Z,/home/ibrahim/Documents/GO-2 PRIMP/primp_project/results/landing_pad/study_v2/evaluation/pad_matched_no_noncontact_updates_20260921T083738_570540Z,True,True,completed,,e3cc580065831059bb7286330ffe467a495d8d91b43b01fea25eb7d53f6c54bd,"{'model/model.npz': '603829ce172190363291b5703aae84d4cfb64e019375ccaf32fccd4d8c133fe4', 'model/model.json': '41cd130a59870e8858ae4184fc43cd18707b07692a6fab3be6e940b243f62dd6', 'recovery_model/recovery.npz': '2ec6f32dce0e213086fe50537863d28ad293512fa91311c7f63112741f09c9ee', 'recovery_model/recovery.json': '6f9dadd6dbdab0d0c4a69721b85926ccb6b4d23c7cff68c4753fd26a92938882'}",0.035,0.8641062127347923,0.07507544397995196,0.4791059709943438,0.01510125347920027,5.299999999997063,15.701999999993795,33.40599999999486,0.0007818032894415777,0.007061329276223803,0.05220594900129072,0.0,76.0,2.245999999998755,0.004332613874969426,0.00138174844277609,76,0.6413842694305935,31,0.24255745370427992,0.27234459270213385,76,76,0.5,1.0,1.0,1.0,1.0,1.0,1.0,1.0,1.1889009304630012,0.5573570039088541,0.035153927105356676,0.034810575633286,0.2580934184134663,"[-0.06750637895500429, -0.04761472497170049, 0.25856186650364643]",[]
eval_matched_predictive_h-6mm_seed43_nominal,matched_predictive,-0.006,0.0,noisy_delayed,43,nominal,pad_matched_predictive_20260921T083818_368516Z,/home/ibrahim/Documents/GO-2 PRIMP/primp_project/results/landing_pad/study_v2/evaluation/pad_matched_predictive_20260921T083818_368516Z,True,True,completed,,e3cc580065831059bb7286330ffe467a495d8d91b43b01fea25eb7d53f6c54bd,"{'model/model.npz': '603829ce172190363291b5703aae84d4cfb64e019375ccaf32fccd4d8c133fe4', 'model/model.json': '41cd130a59870e8858ae4184fc43cd18707b07692a6fab3be6e940b243f62dd6', 'recovery_model/recovery.npz': '2ec6f32dce0e213086fe50537863d28ad293512fa91311c7f63112741f09c9ee', 'recovery_model/recovery.json': '6f9dadd6dbdab0d0c4a69721b85926ccb6b4d23c7cff68c4753fd26a92938882'}",0.03,1.1388500088977167,0.10126904272079051,0.47981191278773044,0.015060331829978896,4.617999999997441,14.835999999992737,32.5399999999938,0.0007487494746306732,0.0026639124513112484,0.004672964998462703,0.0,0.0,0.0,0.0,0.0,0,0.7824021891013826,26,0.7824021891013826,0.7824021891013826,65,0,0.0,1.0,1.0,,,,1.0,1.0,1.0984589063490566,0.8929039383951044,0.02947733749396559,0.029821512472740265,0.258082529990701,"[-0.06705373234519525, -0.04732254047824126, 0.25823028514971236]",[]
eval_matched_learned_h-6mm_seed43_nominal,matched_learned,-0.006,0.0,noisy_delayed,43,nominal,pad_matched_learned_20260921T083818_730723Z,/home/ibrahim/Documents/GO-2 PRIMP/primp_project/results/landing_pad/study_v2/evaluation/pad_matched_learned_20260921T083818_730723Z,True,True,completed,,e3cc580065831059bb7286330ffe467a495d8d91b43b01fea25eb7d53f6c54bd,"{'model/model.npz': '603829ce172190363291b5703aae84d4cfb64e019375ccaf32fccd4d8c133fe4', 'model/model.json': '41cd130a59870e8858ae4184fc43cd18707b07692a6fab3be6e940b243f62dd6', 'recovery_model/recovery.npz': '2ec6f32dce0e213086fe50537863d28ad293512fa91311c7f63112741f09c9ee', 'recovery_model/recovery.json': '6f9dadd6dbdab0d0c4a69721b85926ccb6b4d23c7cff68c4753fd26a92938882'}",0.03,1.0118521372941913,0.09120195876058101,0.4722213081203183,0.015077406877904223,4.6559999999974195,14.87999999999279,32.58399999999386,0.0007183282577870034,0.008688652890668891,0.01342962200033071,0.0,31.0,0.349999999999806,0.00034854237197529114,0.00019392486404339027,31,0.7826203824138782,23,0.2891904630397396,0.2891904630397396,57,97,0.7578125,1.0,1.0,1.0,1.0,1.0,1.0,1.0,0.9471578774503193,0.9298686415406752,0.02947733749396559,0.029821513140061456,0.2580825299830861,"[-0.06705373234519525, -0.04732254047824126, 0.25823028514971236]",[]
eval_matched_no_body_foot_correlation_h-6mm_seed43_nominal,matched_no_body_foot_correlation,-0.006,0.0,noisy_delayed,43,nominal,pad_matched_no_body_foot_correlation_20260921T083819_778038Z,/home/ibrahim/Documents/GO-2 PRIMP/primp_project/results/landing_pad/study_v2/evaluation/pad_matched_no_body_foot_correlation_20260921T083819_778038Z,True,True,completed,,e3cc580065831059bb7286330ffe467a495d8d91b43b01fea25eb7d53f6c54bd,"{'model/model.npz': '603829ce172190363291b5703aae84d4cfb64e019375ccaf32fccd4d8c133fe4', 'model/model.json': '41cd130a59870e8858ae4184fc43cd18707b07692a6fab3be6e940b243f62dd6', 'recovery_model/recovery.npz': '2ec6f32dce0e213086fe50537863d28ad293512fa91311c7f63112741f09c9ee', 'recovery_model/recovery.json': '6f9dadd6dbdab0d0c4a69721b85926ccb6b4d23c7cff68c4753fd26a92938882'}",0.03,1.0222277998212361,0.09185171691578829,0.467308608121445,0.015086830011342717,4.671999999997411,14.91199999999283,32.615999999993896,0.0006025997887955988,0.009067747569147636,0.0144427210016147,0.0,32.0,0.3339999999998149,0.0003418547725854322,0.00019179834798785565,32,0.818618255856448,24,0.3000458620192366,0.3000458620192366,59,98,0.7538461538461538,1.0,1.0,1.0,1.0,1.0,1.0,1.0,0.9837054371836355,0.9140430223041056,0.02947733749396559,0.029821508884070418,0.2580825299475746,"[-0.06705373234519525, -0.04732254047824126, 0.25823028514971236]",[]
eval_matched_no_timing_adaptation_h-6mm_seed43_nominal,matched_no_timing_adaptation,-0.006,0.0,noisy_delayed,43,nominal,pad_matched_no_timing_adaptation_20260921T083821_676913Z,/home/ibrahim/Documents/GO-2 PRIMP/primp_project/results/landing_pad/study_v2/evaluation/pad_matched_no_timing_adaptation_20260921T083821_676913Z,True,True,completed,,e3cc580065831059bb7286330ffe467a495d8d91b43b01fea25eb7d53f6c54bd,"{'model/model.npz': '603829ce172190363291b5703aae84d4cfb64e019375ccaf32fccd4d8c133fe4', 'model/model.json': '41cd130a59870e8858ae4184fc43cd18707b07692a6fab3be6e940b243f62dd6', 'recovery_model/recovery.npz': '2ec6f32dce0e213086fe50537863d28ad293512fa91311c7f63112741f09c9ee', 'recovery_model/recovery.json': '6f9dadd6dbdab0d0c4a69721b85926ccb6b4d23c7cff68c4753fd26a92938882'}",0.03,1.0364029421118277,0.09184711420011489,0.4724777954997847,0.015073342002074845,4.363999999997581,14.533999999992368,32.237999999993434,0.0006576597599910966,0.0088125432065538,0.013424395998299588,0.0,31.0,0.36999999999979494,0.0003818181771998823,0.00018723664201090223,31,0.803401844685097,22,0.29532548607258496,0.29532548607258496,54,90,0.743801652892562,1.0,1.0,1.0,1.0,1.0,1.0,1.0,1.0032553218188722,1.022958110932631,0.02947733749396559,0.029821507198456366,0.25808252992733016,"[-0.06705373234519525, -0.04732254047824126, 0.25823028514971236]",[]
eval_matched_no_noncontact_updates_h-6mm_seed43_nominal,matched_no_noncontact_updates,-0.006,0.0,noisy_delayed,43,nominal,pad_matched_no_noncontact_updates_20260921T083900_010463Z,/home/ibrahim/Documents/GO-2 PRIMP/primp_project/results/landing_pad/study_v2/evaluation/pad_matched_no_noncontact_updates_20260921T083900_010463Z,True,True,completed,,e3cc580065831059bb7286330ffe467a495d8d91b43b01fea25eb7d53f6c54bd,"{'model/model.npz': '603829ce172190363291b5703aae84d4cfb64e019375ccaf32fccd4d8c133fe4', 'model/model.json': '41cd130a59870e8858ae4184fc43cd18707b07692a6fab3be6e940b243f62dd6', 'recovery_model/recovery.npz': '2ec6f32dce0e213086fe50537863d28ad293512fa91311c7f63112741f09c9ee', 'recovery_model/recovery.json': '6f9dadd6dbdab0d0c4a69721b85926ccb6b4d23c7cff68c4753fd26a92938882'}",0.03,0.8455709896145626,0.07358188265421399,0.4802354861412399,0.015100797554627064,5.143999999997149,15.621999999993697,33.325999999994764,0.0008821801063207376,0.00647759490064779,0.011458356999355601,0.0,81.0,2.41799999999866,0.004723113928084164,0.0013459136326924824,81,0.6976346195941169,34,0.2778644067027676,0.2778644067027676,81,70,0.46357615894039733,1.0,1.0,1.0,1.0,1.0,1.0,1.0,1.1775631912641333,0.6498367832396295,0.02947733749396559,0.029821513140061456,0.2580825299830861,"[-0.06705373234519525, -0.04732254047824126, 0.25823028514971236]",[]
eval_matched_predictive_h-6mm_seed43_raised,matched_predictive,-0.006,0.0,noisy_delayed,43,raised,pad_matched_predictive_20260921T083901_253105Z,/home/ibrahim/Documents/GO-2 PRIMP/primp_project/results/landing_pad/study_v2/evaluation/pad_matched_predictive_20260921T083901_253105Z,True,True,completed,,e3cc580065831059bb7286330ffe467a495d8d91b43b01fea25eb7d53f6c54bd,"{'model/model.npz': '603829ce172190363291b5703aae84d4cfb64e019375ccaf32fccd4d8c133fe4', 'model/model.json': '41cd130a59870e8858ae4184fc43cd18707b07692a6fab3be6e940b243f62dd6', 'recovery_model/recovery.npz': '2ec6f32dce0e213086fe50537863d28ad293512fa91311c7f63112741f09c9ee', 'recovery_model/recovery.json': '6f9dadd6dbdab0d0c4a69721b85926ccb6b4d23c7cff68c4753fd26a92938882'}",0.035,1.1327979667423287,0.10057368567939645,0.4784093576809071,0.015059430268443376,4.815999999997331,15.011999999992952,32.71599999999402,0.0006765636763815495,0.002551262929084763,0.004844556000534794,0.0,0.0,0.0,0.0,0.0,0,0.7857181165476581,28,0.7857181165476581,0.7857181165476581,71,0,0.0,1.0,1.0,,,,1.0,1.0,1.1726455011631982,0.8804406266018121,0.03446626063264583,0.03481056923698525,0.2580934183574211,"[-0.06705996066041112, -0.04732146692758559, 0.2582412882440736]",[]
eval_matched_learned_h-6mm_seed43_raised,matched_learned,-0.006,0.0,noisy_delayed,43,raised,pad_matched_learned_20260921T083902_538577Z,/home/ibrahim/Documents/GO-2 PRIMP/primp_project/results/landing_pad/study_v2/evaluation/pad_matched_learned_20260921T083902_538577Z,True,True,completed,,e3cc580065831059bb7286330ffe467a495d8d91b43b01fea25eb7d53f6c54bd,"{'model/model.npz': '603829ce172190363291b5703aae84d4cfb64e019375ccaf32fccd4d8c133fe4', 'model/model.json': '41cd130a59870e8858ae4184fc43cd18707b07692a6fab3be6e940b243f62dd6', 'recovery_model/recovery.npz': '2ec6f32dce0e213086fe50537863d28ad293512fa91311c7f63112741f09c9ee', 'recovery_model/recovery.json': '6f9dadd6dbdab0d0c4a69721b85926ccb6b4d23c7cff68c4753fd26a92938882'}",0.035,1.0230674871085759,0.09045858458495289,0.47322797161443936,0.015063484812128991,4.857999999997308,15.011999999992952,32.71599999999402,0.0006757772674095301,0.00839984301454515,0.013269949999084929,0.0,37.0,0.3799999999997894,0.0004259263953417386,0.00016899827937687128,37,0.8015736289522846,22,0.295225817598461,0.295225817598461,61,100,0.7299270072992701,1.0,1.0,1.0,1.0,1.0,1.0,1.0,0.9660658929095682,1.0186922948935313,0.03446626063264583,0.03481057386549335,0.2580934183980928,"[-0.06705996066041112, -0.04732146692758559, 0.2582412882440736]",[]
eval_matched_no_body_foot_correlation_h-6mm_seed43_raised,matched_no_body_foot_correlation,-0.006,0.0,noisy_delayed,43,raised,pad_matched_no_body_foot_correlation_20260921T083904_453680Z,/home/ibrahim/Documents/GO-2 PRIMP/primp_project/results/landing_pad/study_v2/evaluation/pad_matched_no_body_foot_correlation_20260921T083904_453680Z,True,True,completed,,e3cc580065831059bb7286330ffe467a495d8d91b43b01fea25eb7d53f6c54bd,"{'model/model.npz': '603829ce172190363291b5703aae84d4cfb64e019375ccaf32fccd4d8c133fe4', 'model/model.json': '41cd130a59870e8858ae4184fc43cd18707b07692a6fab3be6e940b243f62dd6', 'recovery_model/recovery.npz': '2ec6f32dce0e213086fe50537863d28ad293512fa91311c7f63112741f09c9ee', 'recovery_model/recovery.json': '6f9dadd6dbdab0d0c4a69721b85926ccb6b4d23c7cff68c4753fd26a92938882'}",0.035,1.0332017360001493,0.09207805627897156,0.4718132171529583,0.01507320741839592,4.887999999997291,15.011999999992952,32.71599999999402,0.0007415280311869081,0.008770060530009484,0.01336749499932921,0.0,34.0,0.38799999999978496,0.00043420034926816217,0.0001940078589262337,34,0.7837447415519845,23,0.2890908246892735,0.2890908246892735,58,100,0.746268656716418,1.0,1.0,1.0,1.0,1.0,1.0,1.0,0.9960222113607622,1.041637704379834,0.03446626063264583,0.03481056866696625,0.2580934183547406,"[-0.06705996066041112, -0.04732146692758559, 0.2582412882440736]",[]
eval_matched_no_timing_adaptation_h-6mm_seed43_raised,matched_no_timing_adaptation,-0.006,0.0,noisy_delayed,43,raised,pad_matched_no_timing_adaptation_20260921T083942_556703Z,/home/ibrahim/Documents/GO-2 PRIMP/primp_project/results/landing_pad/study_v2/evaluation/pad_matched_no_timing_adaptation_20260921T083942_556703Z,True,True,completed,,e3cc580065831059bb7286330ffe467a495d8d91b43b01fea25eb7d53f6c54bd,"{'model/model.npz': '603829ce172190363291b5703aae84d4cfb64e019375ccaf32fccd4d8c133fe4', 'model/model.json': '41cd130a59870e8858ae4184fc43cd18707b07692a6fab3be6e940b243f62dd6', 'recovery_model/recovery.npz': '2ec6f32dce0e213086fe50537863d28ad293512fa91311c7f63112741f09c9ee', 'recovery_model/recovery.json': '6f9dadd6dbdab0d0c4a69721b85926ccb6b4d23c7cff68c4753fd26a92938882'}",0.035,1.0730640020921016,0.09323365326678483,0.4690077931234338,0.015071883677053756,4.541999999997483,14.683999999992551,32.38799999999362,0.0007267994824077077,0.00923100576746524,0.028987907000555424,0.0,36.0,0.3999999999997783,0.0005026901366341208,0.00019593518907185485,36,0.8006166512730152,23,0.2939172764543471,0.2939172764543471,60,93,0.7209302325581395,1.0,1.0,1.0,1.0,1.0,1.0,1.0,1.0642010218622013,1.0241891037545168,0.03446626063264583,0.034810563714558033,0.25809341830403487,"[-0.06705996066041112, -0.04732146692758559, 0.2582412882440736]",[]
eval_matched_no_noncontact_updates_h-6mm_seed43_raised,matched_no_noncontact_updates,-0.006,0.0,noisy_delayed,43,raised,pad_matched_no_noncontact_updates_20260921T083942_731274Z,/home/ibrahim/Documents/GO-2 PRIMP/primp_project/results/landing_pad/study_v2/evaluation/pad_matched_no_noncontact_updates_20260921T083942_731274Z,True,True,completed,,e3cc580065831059bb7286330ffe467a495d8d91b43b01fea25eb7d53f6c54bd,"{'model/model.npz': '603829ce172190363291b5703aae84d4cfb64e019375ccaf32fccd4d8c133fe4', 'model/model.json': '41cd130a59870e8858ae4184fc43cd18707b07692a6fab3be6e940b243f62dd6', 'recovery_model/recovery.npz': '2ec6f32dce0e213086fe50537863d28ad293512fa91311c7f63112741f09c9ee', 'recovery_model/recovery.json': '6f9dadd6dbdab0d0c4a69721b85926ccb6b4d23c7cff68c4753fd26a92938882'}",0.035,0.8326736748460258,0.07267140572333344,0.47908278317532366,0.015103413696946183,5.365999999997026,15.863999999993993,33.56799999999506,0.000926989058641952,0.007122820736843718,0.017110011000113445,0.0,77.0,2.3679999999986876,0.004672132699380356,0.0013252448225907463,77,0.6511786303596939,34,0.2777110981281426,0.2777110981281426,77,75,0.4934210526315789,1.0,1.0,1.0,1.0,1.0,1.0,1.0,1.2589531340322881,0.6594650221443105,0.03446626063264583,0.03481057386549335,0.2580934183980928,"[-0.06705996066041112, -0.04732146692758559, 0.2582412882440736]",[]
eval_matched_predictive_h+6mm_seed17_nominal,matched_predictive,0.006,0.0,noisy_delayed,17,nominal,pad_matched_predictive_20260921T083944_665504Z,/home/ibrahim/Documents/GO-2 PRIMP/primp_project/results/landing_pad/study_v2/evaluation/pad_matched_predictive_20260921T083944_665504Z,True,True,completed,,e3cc580065831059bb7286330ffe467a495d8d91b43b01fea25eb7d53f6c54bd,"{'model/model.npz': '603829ce172190363291b5703aae84d4cfb64e019375ccaf32fccd4d8c133fe4', 'model/model.json': '41cd130a59870e8858ae4184fc43cd18707b07692a6fab3be6e940b243f62dd6', 'recovery_model/recovery.npz': '2ec6f32dce0e213086fe50537863d28ad293512fa91311c7f63112741f09c9ee', 'recovery_model/recovery.json': '6f9dadd6dbdab0d0c4a69721b85926ccb6b4d23c7cff68c4753fd26a92938882'}",0.03,1.4897608374201232,0.13936055285910937,0.511812044546781,0.0150194683200035,2.731999999998486,12.687999999992968,30.391999999994034,0.0006683933753589425,0.003988810582339721,0.0055028229999152245,0.0,20.0,0.10399999999994236,0.0001623118012321692,0.00012675601612536407,20,0.8153482394506989,0,0.8220000000017613,,0,0,0.0,1.0,,,,,1.0,1.0,0.6661850532676171,,0.030120701914579384,0.0298215124726317,0.2580825299907001,"[-0.06686759488012525, -0.04708388796836721, 0.2578266871907798]",[]
eval_matched_learned_h+6mm_seed17_nominal,matched_learned,0.006,0.0,noisy_delayed,17,nominal,pad_matched_learned_20260921T083946_591771Z,/home/ibrahim/Documents/GO-2 PRIMP/primp_project/results/landing_pad/study_v2/evaluation/pad_matched_learned_20260921T083946_591771Z,True,True,completed,,e3cc580065831059bb7286330ffe467a495d8d91b43b01fea25eb7d53f6c54bd,"{'model/model.npz': '603829ce172190363291b5703aae84d4cfb64e019375ccaf32fccd4d8c133fe4', 'model/model.json': '41cd130a59870e8858ae4184fc43cd18707b07692a6fab3be6e940b243f62dd6', 'recovery_model/recovery.npz': '2ec6f32dce0e213086fe50537863d28ad293512fa91311c7f63112741f09c9ee', 'recovery_model/recovery.json': '6f9dadd6dbdab0d0c4a69721b85926ccb6b4d23c7cff68c4753fd26a92938882'}",0.03,1.4509503763838847,0.13634406042318106,0.5200160233205194,0.015085555223487432,2.909999999998387,12.93599999999283,30.639999999993897,0.0006214383183377791,0.008673930919469748,0.021422452000479097,0.0,24.0,0.16199999999991022,0.0003711965559153596,0.00015318419151735965,24,0.45420466797546855,0,0.18099034979709777,,0,63,0.7241379310344828,1.0,,1.0,,1.0,1.0,1.0,0.6739418482056532,,0.030120701914579384,0.02982151464194472,0.25808252999677106,"[-0.06686759488012525, -0.04708388796836721, 0.2578266871907798]",[]
eval_matched_no_body_foot_correlation_h+6mm_seed17_nominal,matched_no_body_foot_correlation,0.006,0.0,noisy_delayed,17,nominal,pad_matched_no_body_foot_correlation_20260921T084024_875310Z,/home/ibrahim/Documents/GO-2 PRIMP/primp_project/results/landing_pad/study_v2/evaluation/pad_matched_no_body_foot_correlation_20260921T084024_875310Z,True,True,completed,,e3cc580065831059bb7286330ffe467a495d8d91b43b01fea25eb7d53f6c54bd,"{'model/model.npz': '603829ce172190363291b5703aae84d4cfb64e019375ccaf32fccd4d8c133fe4', 'model/model.json': '41cd130a59870e8858ae4184fc43cd18707b07692a6fab3be6e940b243f62dd6', 'recovery_model/recovery.npz': '2ec6f32dce0e213086fe50537863d28ad293512fa91311c7f63112741f09c9ee', 'recovery_model/recovery.json': '6f9dadd6dbdab0d0c4a69721b85926ccb6b4d23c7cff68c4753fd26a92938882'}",0.03,1.4747452282241802,0.13737240630604441,0.5186696704433421,0.015086255765430124,2.9039999999983905,12.893999999992854,30.59799999999392,0.0006360784678633817,0.00932741280952801,0.05723980900074821,0.0,22.0,0.18399999999989802,0.00043422885884823736,0.00017531926392742728,22,0.46977570183637707,0,0.18789620733488063,,0,62,0.7380952380952381,1.0,,1.0,,1.0,1.0,1.0,0.7037891917269615,,0.030120701914579384,0.029821510447248616,0.2580825299617269,"[-0.06686759488012525, -0.04708388796836721, 0.2578266871907798]",[]
eval_matched_no_timing_adaptation_h+6mm_seed17_nominal,matched_no_timing_adaptation,0.006,0.0,noisy_delayed,17,nominal,pad_matched_no_timing_adaptation_20260921T084025_791186Z,/home/ibrahim/Documents/GO-2 PRIMP/primp_project/results/landing_pad/study_v2/evaluation/pad_matched_no_timing_adaptation_20260921T084025_791186Z,True,True,completed,,e3cc580065831059bb7286330ffe467a495d8d91b43b01fea25eb7d53f6c54bd,"{'model/model.npz': '603829ce172190363291b5703aae84d4cfb64e019375ccaf32fccd4d8c133fe4', 'model/model.json': '41cd130a59870e8858ae4184fc43cd18707b07692a6fab3be6e940b243f62dd6', 'recovery_model/recovery.npz': '2ec6f32dce0e213086fe50537863d28ad293512fa91311c7f63112741f09c9ee', 'recovery_model/recovery.json': '6f9dadd6dbdab0d0c4a69721b85926ccb6b4d23c7cff68c4753fd26a92938882'}",0.03,1.5270755715001942,0.1431833006477306,0.5223224158453383,0.015047848629481978,2.7059999999985003,12.777999999992918,30.481999999993985,0.0006194938562839739,0.009464527852370256,0.05640851700081839,0.0,16.0,0.05999999999996675,8.067340068140458e-05,5.405904818650979e-05,16,0.7267362316316999,0,0.1789251866884791,,0,72,0.8181818181818182,1.0,,1.0,,1.0,1.0,1.0,0.5810559014797284,,0.030120701914579384,0.029821507784410443,0.25808252993250885,"[-0.06686759488012525, -0.04708388796836721, 0.2578266871907798]",[]
eval_matched_no_noncontact_updates_h+6mm_seed17_nominal,matched_no_noncontact_updates,0.006,0.0,noisy_delayed,17,nominal,pad_matched_no_noncontact_updates_20260921T084027_340423Z,/home/ibrahim/Documents/GO-2 PRIMP/primp_project/results/landing_pad/study_v2/evaluation/pad_matched_no_noncontact_updates_20260921T084027_340423Z,True,True,completed,,e3cc580065831059bb7286330ffe467a495d8d91b43b01fea25eb7d53f6c54bd,"{'model/model.npz': '603829ce172190363291b5703aae84d4cfb64e019375ccaf32fccd4d8c133fe4', 'model/model.json': '41cd130a59870e8858ae4184fc43cd18707b07692a6fab3be6e940b243f62dd6', 'recovery_model/recovery.npz': '2ec6f32dce0e213086fe50537863d28ad293512fa91311c7f63112741f09c9ee', 'recovery_model/recovery.json': '6f9dadd6dbdab0d0c4a69721b85926ccb6b4d23c7cff68c4753fd26a92938882'}",0.03,1.5262131249828472,0.14440332644131185,0.5232324831516363,0.015017275340991953,2.9019999999983916,12.785999999992914,30.48999999999398,0.0009160175824299167,0.008901079134220042,0.05527473999973154,0.0,23.0,0.23199999999987142,0.0005024622900427142,0.00046134493317168595,23,0.7188485584131105,0,0.16335795685875182,,0,59,0.7195121951219512,1.0,,1.0,,1.0,1.0,1.0,0.8454179869002109,,0.030120701914579384,0.02982151464194472,0.25808252999677106,"[-0.06686759488012525, -0.04708388796836721, 0.2578266871907798]",[]
eval_matched_predictive_h+6mm_seed17_raised,matched_predictive,0.006,0.0,noisy_delayed,17,raised,pad_matched_predictive_20260921T084027_478669Z,/home/ibrahim/Documents/GO-2 PRIMP/primp_project/results/landing_pad/study_v2/evaluation/pad_matched_predictive_20260921T084027_478669Z,True,True,completed,,e3cc580065831059bb7286330ffe467a495d8d91b43b01fea25eb7d53f6c54bd,"{'model/model.npz': '603829ce172190363291b5703aae84d4cfb64e019375ccaf32fccd4d8c133fe4', 'model/model.json': '41cd130a59870e8858ae4184fc43cd18707b07692a6fab3be6e940b243f62dd6', 'recovery_model/recovery.npz': '2ec6f32dce0e213086fe50537863d28ad293512fa91311c7f63112741f09c9ee', 'recovery_model/recovery.json': '6f9dadd6dbdab0d0c4a69721b85926ccb6b4d23c7cff68c4753fd26a92938882'}",0.035,1.5172959152775933,0.1441796501820623,0.5108217753890119,0.015017266901393734,2.8839999999984016,12.801999999992905,30.50599999999397,0.0006566561482512449,0.0041761438160497115,0.050373936999676516,0.0,25.0,0.10399999999994236,0.0001584521833805745,0.00012194464152931511,25,0.7030799188330797,0,0.7080000000018245,,0,0,0.0,1.0,,,,,1.0,1.0,0.5587846201793224,,0.035109625053259624,0.03481056921653058,0.2580934183572387,"[-0.06687382319534112, -0.04708281441771154, 0.25783769028514103]",[]
eval_matched_learned_h+6mm_seed17_raised,matched_learned,0.006,0.0,noisy_delayed,17,raised,pad_matched_learned_20260921T084106_553728Z,/home/ibrahim/Documents/GO-2 PRIMP/primp_project/results/landing_pad/study_v2/evaluation/pad_matched_learned_20260921T084106_553728Z,True,True,completed,,e3cc580065831059bb7286330ffe467a495d8d91b43b01fea25eb7d53f6c54bd,"{'model/model.npz': '603829ce172190363291b5703aae84d4cfb64e019375ccaf32fccd4d8c133fe4', 'model/model.json': '41cd130a59870e8858ae4184fc43cd18707b07692a6fab3be6e940b243f62dd6', 'recovery_model/recovery.npz': '2ec6f32dce0e213086fe50537863d28ad293512fa91311c7f63112741f09c9ee', 'recovery_model/recovery.json': '6f9dadd6dbdab0d0c4a69721b85926ccb6b4d23c7cff68c4753fd26a92938882'}",0.035,1.5946712584836618,0.14453535111790222,0.5172481605902916,0.015097574670974587,3.153999999998252,13.233999999992665,30.937999999993732,0.0007406557150499539,0.008407873577320079,0.019486892999339034,0.0,28.0,0.13799999999992352,0.00042195434571833806,0.00012594071458607762,28,0.29693354376934317,0,0.16138691458540586,,0,69,0.711340206185567,1.0,,1.0,,1.0,1.0,1.0,0.4738446159947977,,0.035109625053259624,0.0348105754810319,0.2580934184122639,"[-0.06687382319534112, -0.04708281441771154, 0.25783769028514103]",[]
eval_matched_no_body_foot_correlation_h+6mm_seed17_raised,matched_no_body_foot_correlation,0.006,0.0,noisy_delayed,17,raised,pad_matched_no_body_foot_correlation_20260921T084107_451645Z,/home/ibrahim/Documents/GO-2 PRIMP/primp_project/results/landing_pad/study_v2/evaluation/pad_matched_no_body_foot_correlation_20260921T084107_451645Z,True,True,completed,,e3cc580065831059bb7286330ffe467a495d8d91b43b01fea25eb7d53f6c54bd,"{'model/model.npz': '603829ce172190363291b5703aae84d4cfb64e019375ccaf32fccd4d8c133fe4', 'model/model.json': '41cd130a59870e8858ae4184fc43cd18707b07692a6fab3be6e940b243f62dd6', 'recovery_model/recovery.npz': '2ec6f32dce0e213086fe50537863d28ad293512fa91311c7f63112741f09c9ee', 'recovery_model/recovery.json': '6f9dadd6dbdab0d0c4a69721b85926ccb6b4d23c7cff68c4753fd26a92938882'}",0.035,1.5189932420260908,0.1384112628966545,0.5163199281227813,0.015090317864407692,3.1579999999982498,13.15399999999271,30.857999999993776,0.0007782356221249847,0.008681715078616915,0.014375581000422244,0.0,22.0,0.17599999999990246,0.0005757905233549875,0.00021367873329901021,22,0.3547348487089654,0,0.17255023122773153,,0,67,0.7528089887640449,1.0,,1.0,,1.0,1.0,1.0,0.5559959594821852,,0.035109625053259624,0.03481057039135076,0.2580934183697744,"[-0.06687382319534112, -0.04708281441771154, 0.25783769028514103]",[]
eval_matched_no_timing_adaptation_h+6mm_seed17_raised,matched_no_timing_adaptation,0.006,0.0,noisy_delayed,17,raised,pad_matched_no_timing_adaptation_20260921T084108_382078Z,/home/ibrahim/Documents/GO-2 PRIMP/primp_project/results/landing_pad/study_v2/evaluation/pad_matched_no_timing_adaptation_20260921T084108_382078Z,True,True,completed,,e3cc580065831059bb7286330ffe467a495d8d91b43b01fea25eb7d53f6c54bd,"{'model/model.npz': '603829ce172190363291b5703aae84d4cfb64e019375ccaf32fccd4d8c133fe4', 'model/model.json': '41cd130a59870e8858ae4184fc43cd18707b07692a6fab3be6e940b243f62dd6', 'recovery_model/recovery.npz': '2ec6f32dce0e213086fe50537863d28ad293512fa91311c7f63112741f09c9ee', 'recovery_model/recovery.json': '6f9dadd6dbdab0d0c4a69721b85926ccb6b4d23c7cff68c4753fd26a92938882'}",0.035,1.4725911277793728,0.14102493982099804,0.5203945674581535,0.015043753614140386,2.8539999999984182,12.875999999992864,30.57999999999393,0.0006826460326348665,0.008254956344878347,0.012879076999524841,0.0,25.0,0.13599999999992463,0.00026020653008705305,0.00017143839483016354,25,0.6300614448409186,0,0.166781713514941,,0,62,0.7126436781609196,1.0,,1.0,,1.0,1.0,1.0,0.4839614747238862,,0.035109625053259624,0.03481056436048367,0.25809341830928223,"[-0.06687382319534112, -0.04708281441771154, 0.25783769028514103]",[]
eval_matched_no_noncontact_updates_h+6mm_seed17_raised,matched_no_noncontact_updates,0.006,0.0,noisy_delayed,17,raised,pad_matched_no_noncontact_updates_20260921T084108_843983Z,/home/ibrahim/Documents/GO-2 PRIMP/primp_project/results/landing_pad/study_v2/evaluation/pad_matched_no_noncontact_updates_20260921T084108_843983Z,True,True,completed,,e3cc580065831059bb7286330ffe467a495d8d91b43b01fea25eb7d53f6c54bd,"{'model/model.npz': '603829ce172190363291b5703aae84d4cfb64e019375ccaf32fccd4d8c133fe4', 'model/model.json': '41cd130a59870e8858ae4184fc43cd18707b07692a6fab3be6e940b243f62dd6', 'recovery_model/recovery.npz': '2ec6f32dce0e213086fe50537863d28ad293512fa91311c7f63112741f09c9ee', 'recovery_model/recovery.json': '6f9dadd6dbdab0d0c4a69721b85926ccb6b4d23c7cff68c4753fd26a92938882'}",0.035,1.501946389606907,0.14218063987029605,0.5202639136342323,0.015038133235261009,3.1419999999982586,13.071999999992755,30.77599999999382,0.0009224797790711326,0.0082663465107781,0.018901464000009582,0.0,27.0,0.18399999999989802,0.0004933848859588648,0.0003850512813280104,27,0.41670083039649297,0,0.15887900926249737,,0,65,0.7065217391304348,1.0,,1.0,,1.0,1.0,1.0,0.6408702364744704,,0.035109625053259624,0.0348105754810319,0.2580934184122639,"[-0.06687382319534112, -0.04708281441771154, 0.25783769028514103]",[]
eval_matched_predictive_h+6mm_seed29_nominal,matched_predictive,0.006,0.0,noisy_delayed,29,nominal,pad_matched_predictive_20260921T084148_697547Z,/home/ibrahim/Documents/GO-2 PRIMP/primp_project/results/landing_pad/study_v2/evaluation/pad_matched_predictive_20260921T084148_697547Z,True,True,completed,,e3cc580065831059bb7286330ffe467a495d8d91b43b01fea25eb7d53f6c54bd,"{'model/model.npz': '603829ce172190363291b5703aae84d4cfb64e019375ccaf32fccd4d8c133fe4', 'model/model.json': '41cd130a59870e8858ae4184fc43cd18707b07692a6fab3be6e940b243f62dd6', 'recovery_model/recovery.npz': '2ec6f32dce0e213086fe50537863d28ad293512fa91311c7f63112741f09c9ee', 'recovery_model/recovery.json': '6f9dadd6dbdab0d0c4a69721b85926ccb6b4d23c7cff68c4753fd26a92938882'}",0.03,1.4768297030617443,0.13814979483297452,0.5118434679927355,0.015020478384000481,2.731999999998486,12.663999999992981,30.367999999994048,0.0007716503790872187,0.004064993693464203,0.0049722849998943275,0.0,16.0,0.1199999999999335,0.0002231050016270296,0.0001739717030069918,16,0.8389525500504157,0,0.846000000001748,,0,0,0.0,1.0,,,,,1.0,1.0,0.6877399341976107,,0.030165003966676436,0.029821512467885836,0.25808252999065784,"[-0.06750015063978843, -0.04761579852235616, 0.2585508634092852]",[]
eval_matched_learned_h+6mm_seed29_nominal,matched_learned,0.006,0.0,noisy_delayed,29,nominal,pad_matched_learned_20260921T084149_318454Z,/home/ibrahim/Documents/GO-2 PRIMP/primp_project/results/landing_pad/study_v2/evaluation/pad_matched_learned_20260921T084149_318454Z,True,True,completed,,e3cc580065831059bb7286330ffe467a495d8d91b43b01fea25eb7d53f6c54bd,"{'model/model.npz': '603829ce172190363291b5703aae84d4cfb64e019375ccaf32fccd4d8c133fe4', 'model/model.json': '41cd130a59870e8858ae4184fc43cd18707b07692a6fab3be6e940b243f62dd6', 'recovery_model/recovery.npz': '2ec6f32dce0e213086fe50537863d28ad293512fa91311c7f63112741f09c9ee', 'recovery_model/recovery.json': '6f9dadd6dbdab0d0c4a69721b85926ccb6b4d23c7cff68c4753fd26a92938882'}",0.03,1.579676791413164,0.14918299786145847,0.5225430649151314,0.015044572892840074,2.9199999999983817,12.82799999999289,30.531999999993957,0.0007041586962534705,0.008851952837562748,0.01598320899938699,0.0,18.0,0.11199999999993793,0.0002248269438235445,0.00014984149467450172,18,0.45822046871750455,0,0.17944604141100282,,0,62,0.775,1.0,,1.0,,1.0,1.0,1.0,0.824213533744361,,0.030165003966676436,0.02982151476035922,0.25808252999769893,"[-0.06750015063978843, -0.04761579852235616, 0.2585508634092852]",[]
eval_matched_no_body_foot_correlation_h+6mm_seed29_nominal,matched_no_body_foot_correlation,0.006,0.0,noisy_delayed,29,nominal,pad_matched_no_body_foot_correlation_20260921T084149_864811Z,/home/ibrahim/Documents/GO-2 PRIMP/primp_project/results/landing_pad/study_v2/evaluation/pad_matched_no_body_foot_correlation_20260921T084149_864811Z,True,True,completed,,e3cc580065831059bb7286330ffe467a495d8d91b43b01fea25eb7d53f6c54bd,"{'model/model.npz': '603829ce172190363291b5703aae84d4cfb64e019375ccaf32fccd4d8c133fe4', 'model/model.json': '41cd130a59870e8858ae4184fc43cd18707b07692a6fab3be6e940b243f62dd6', 'recovery_model/recovery.npz': '2ec6f32dce0e213086fe50537863d28ad293512fa91311c7f63112741f09c9ee', 'recovery_model/recovery.json': '6f9dadd6dbdab0d0c4a69721b85926ccb6b4d23c7cff68c4753fd26a92938882'}",0.03,1.556570648301181,0.1456577196152918,0.5195167172327395,0.015066090501629908,2.9179999999983828,12.837999999992885,30.54199999999395,0.0005681302086834004,0.008815608765422596,0.012899372999527259,0.0,19.0,0.12399999999993128,0.00025495047560394543,0.0001300860936381776,19,0.46545107926901036,0,0.18740209616129874,,0,62,0.7654320987654321,1.0,,1.0,,1.0,1.0,1.0,0.7877598212234962,,0.030165003966676436,0.029821510294723602,0.25808252996041064,"[-0.06750015063978843, -0.04761579852235616, 0.2585508634092852]",[]
eval_matched_no_timing_adaptation_h+6mm_seed29_nominal,matched_no_timing_adaptation,0.006,0.0,noisy_delayed,29,nominal,pad_matched_no_timing_adaptation_20260921T084151_011085Z,/home/ibrahim/Documents/GO-2 PRIMP/primp_project/results/landing_pad/study_v2/evaluation/pad_matched_no_timing_adaptation_20260921T084151_011085Z,True,True,completed,,e3cc580065831059bb7286330ffe467a495d8d91b43b01fea25eb7d53f6c54bd,"{'model/model.npz': '603829ce172190363291b5703aae84d4cfb64e019375ccaf32fccd4d8c133fe4', 'model/model.json': '41cd130a59870e8858ae4184fc43cd18707b07692a6fab3be6e940b243f62dd6', 'recovery_model/recovery.npz': '2ec6f32dce0e213086fe50537863d28ad293512fa91311c7f63112741f09c9ee', 'recovery_model/recovery.json': '6f9dadd6dbdab0d0c4a69721b85926ccb6b4d23c7cff68c4753fd26a92938882'}",0.03,1.4929775566260315,0.14028189189700938,0.5211086045540811,0.015035838196611034,2.707999999998499,12.663999999992981,30.367999999994048,0.0007672821751097446,0.009068446246526772,0.014625243000409682,0.0,15.0,0.16999999999990578,0.0003449651846926839,0.00025907729525230847,15,0.8389574888771215,0,0.17590560264031435,,0,58,0.7945205479452054,1.0,,1.0,,1.0,1.0,1.0,0.6864369552688957,,0.030165003966676436,0.02982150777871833,0.25808252993226466,"[-0.06750015063978843, -0.04761579852235616, 0.2585508634092852]",[]
eval_matched_no_noncontact_updates_h+6mm_seed29_nominal,matched_no_noncontact_updates,0.006,0.0,noisy_delayed,29,nominal,pad_matched_no_noncontact_updates_20260921T084229_740096Z,/home/ibrahim/Documents/GO-2 PRIMP/primp_project/results/landing_pad/study_v2/evaluation/pad_matched_no_noncontact_updates_20260921T084229_740096Z,True,True,completed,,e3cc580065831059bb7286330ffe467a495d8d91b43b01fea25eb7d53f6c54bd,"{'model/model.npz': '603829ce172190363291b5703aae84d4cfb64e019375ccaf32fccd4d8c133fe4', 'model/model.json': '41cd130a59870e8858ae4184fc43cd18707b07692a6fab3be6e940b243f62dd6', 'recovery_model/recovery.npz': '2ec6f32dce0e213086fe50537863d28ad293512fa91311c7f63112741f09c9ee', 'recovery_model/recovery.json': '6f9dadd6dbdab0d0c4a69721b85926ccb6b4d23c7cff68c4753fd26a92938882'}",0.03,1.6244940920642856,0.151602186331064,0.5236156561054295,0.015010641849268178,2.911999999998386,12.717999999992951,30.421999999994018,0.0008923855540999524,0.009240220855190273,0.011849958000311744,0.0,16.0,0.14999999999991687,0.0003197828228327683,0.00029661635276184586,16,0.7877956500485824,0,0.16576696527567544,,0,60,0.7894736842105263,1.0,,1.0,,1.0,1.0,1.0,0.9457528642799692,,0.030165003966676436,0.02982151476035922,0.25808252999769893,"[-0.06750015063978843, -0.04761579852235616, 0.2585508634092852]",[]
eval_matched_predictive_h+6mm_seed29_raised,matched_predictive,0.006,0.0,noisy_delayed,29,raised,pad_matched_predictive_20260921T084230_893085Z,/home/ibrahim/Documents/GO-2 PRIMP/primp_project/results/landing_pad/study_v2/evaluation/pad_matched_predictive_20260921T084230_893085Z,True,True,completed,,e3cc580065831059bb7286330ffe467a495d8d91b43b01fea25eb7d53f6c54bd,"{'model/model.npz': '603829ce172190363291b5703aae84d4cfb64e019375ccaf32fccd4d8c133fe4', 'model/model.json': '41cd130a59870e8858ae4184fc43cd18707b07692a6fab3be6e940b243f62dd6', 'recovery_model/recovery.npz': '2ec6f32dce0e213086fe50537863d28ad293512fa91311c7f63112741f09c9ee', 'recovery_model/recovery.json': '6f9dadd6dbdab0d0c4a69721b85926ccb6b4d23c7cff68c4753fd26a92938882'}",0.035,1.5315639628133229,0.14584005567518635,0.5104711207134606,0.015023278588508361,2.8839999999984016,12.82799999999289,30.531999999993957,0.0007081800862672859,0.0043902442195492145,0.05469989999983227,0.0,21.0,0.14599999999991908,0.00029620043120284767,0.00023245754402412391,21,0.6774386761575059,0,0.6820000000018389,,0,0,0.0,1.0,,,,,1.0,1.0,0.5296363407317145,,0.035153927105356676,0.03481056923354851,0.2580934183573904,"[-0.06750637895500429, -0.04761472497170049, 0.25856186650364643]",[]
eval_matched_learned_h+6mm_seed29_raised,matched_learned,0.006,0.0,noisy_delayed,29,raised,pad_matched_learned_20260921T084231_289766Z,/home/ibrahim/Documents/GO-2 PRIMP/primp_project/results/landing_pad/study_v2/evaluation/pad_matched_learned_20260921T084231_289766Z,True,True,completed,,e3cc580065831059bb7286330ffe467a495d8d91b43b01fea25eb7d53f6c54bd,"{'model/model.npz': '603829ce172190363291b5703aae84d4cfb64e019375ccaf32fccd4d8c133fe4', 'model/model.json': '41cd130a59870e8858ae4184fc43cd18707b07692a6fab3be6e940b243f62dd6', 'recovery_model/recovery.npz': '2ec6f32dce0e213086fe50537863d28ad293512fa91311c7f63112741f09c9ee', 'recovery_model/recovery.json': '6f9dadd6dbdab0d0c4a69721b85926ccb6b4d23c7cff68c4753fd26a92938882'}",0.035,1.6096396519798384,0.15099669551518685,0.520390107230234,0.01502529571123834,3.1659999999982453,13.00999999999279,30.713999999993856,0.0006969565295290251,0.008941434868856526,0.016283826998915174,0.0,18.0,0.13399999999992573,0.0003835056110790096,0.00031429479539286286,18,0.3939935564927689,0,0.160503832265383,,0,66,0.7857142857142857,1.0,,1.0,,1.0,1.0,1.0,0.7585322897863483,,0.035153927105356676,0.034810575633286,0.2580934184134663,"[-0.06750637895500429, -0.04761472497170049, 0.25856186650364643]",[]
eval_matched_no_body_foot_correlation_h+6mm_seed29_raised,matched_no_body_foot_correlation,0.006,0.0,noisy_delayed,29,raised,pad_matched_no_body_foot_correlation_20260921T084232_283295Z,/home/ibrahim/Documents/GO-2 PRIMP/primp_project/results/landing_pad/study_v2/evaluation/pad_matched_no_body_foot_correlation_20260921T084232_283295Z,True,True,completed,,e3cc580065831059bb7286330ffe467a495d8d91b43b01fea25eb7d53f6c54bd,"{'model/model.npz': '603829ce172190363291b5703aae84d4cfb64e019375ccaf32fccd4d8c133fe4', 'model/model.json': '41cd130a59870e8858ae4184fc43cd18707b07692a6fab3be6e940b243f62dd6', 'recovery_model/recovery.npz': '2ec6f32dce0e213086fe50537863d28ad293512fa91311c7f63112741f09c9ee', 'recovery_model/recovery.json': '6f9dadd6dbdab0d0c4a69721b85926ccb6b4d23c7cff68c4753fd26a92938882'}",0.035,1.5748310820048546,0.1476105900293715,0.5180271179157603,0.015048172440277903,3.1659999999982453,13.00999999999279,30.713999999993856,0.0006939985623664923,0.009564091231634559,0.019698084999618004,0.0,16.0,0.1399999999999224,0.0004230608211654649,0.000266418327149562,16,0.40131957574833016,0,0.17069153921096203,,0,66,0.8048780487804879,1.0,,1.0,,1.0,1.0,1.0,0.7433587447070402,,0.035153927105356676,0.03481057019636618,0.2580934183680799,"[-0.06750637895500429, -0.04761472497170049, 0.25856186650364643]",[]
eval_matched_no_timing_adaptation_h+6mm_seed29_raised,matched_no_timing_adaptation,0.006,0.0,noisy_delayed,29,raised,pad_matched_no_timing_adaptation_20260921T084311_610218Z,/home/ibrahim/Documents/GO-2 PRIMP/primp_project/results/landing_pad/study_v2/evaluation/pad_matched_no_timing_adaptation_20260921T084311_610218Z,True,True,completed,,e3cc580065831059bb7286330ffe467a495d8d91b43b01fea25eb7d53f6c54bd,"{'model/model.npz': '603829ce172190363291b5703aae84d4cfb64e019375ccaf32fccd4d8c133fe4', 'model/model.json': '41cd130a59870e8858ae4184fc43cd18707b07692a6fab3be6e940b243f62dd6', 'recovery_model/recovery.npz': '2ec6f32dce0e213086fe50537863d28ad293512fa91311c7f63112741f09c9ee', 'recovery_model/recovery.json': '6f9dadd6dbdab0d0c4a69721b85926ccb6b4d23c7cff68c4753fd26a92938882'}",0.035,1.604061537073256,0.14703607870510735,0.5204712408002764,0.015047325123841044,2.857999999998416,12.905999999992847,30.609999999993914,0.0007108637076665408,0.008929550152298243,0.05699818100038101,0.0,24.0,0.09999999999994458,0.00016904883689373984,0.00010653009865909092,24,0.6004367344966538,0,0.16789107804494388,,0,68,0.7391304347826086,1.0,,1.0,,1.0,1.0,1.0,0.4557446175671331,,0.035153927105356676,0.034810564354950384,0.2580934183090431,"[-0.06750637895500429, -0.04761472497170049, 0.25856186650364643]",[]
eval_matched_no_noncontact_updates_h+6mm_seed29_raised,matched_no_noncontact_updates,0.006,0.0,noisy_delayed,29,raised,pad_matched_no_noncontact_updates_20260921T084312_152260Z,/home/ibrahim/Documents/GO-2 PRIMP/primp_project/results/landing_pad/study_v2/evaluation/pad_matched_no_noncontact_updates_20260921T084312_152260Z,True,True,completed,,e3cc580065831059bb7286330ffe467a495d8d91b43b01fea25eb7d53f6c54bd,"{'model/model.npz': '603829ce172190363291b5703aae84d4cfb64e019375ccaf32fccd4d8c133fe4', 'model/model.json': '41cd130a59870e8858ae4184fc43cd18707b07692a6fab3be6e940b243f62dd6', 'recovery_model/recovery.npz': '2ec6f32dce0e213086fe50537863d28ad293512fa91311c7f63112741f09c9ee', 'recovery_model/recovery.json': '6f9dadd6dbdab0d0c4a69721b85926ccb6b4d23c7cff68c4753fd26a92938882'}",0.035,1.5395799130708683,0.14578550025526507,0.5208262426694035,0.015023753351766464,3.155999999998251,13.00999999999279,30.713999999993856,0.0008120066364402257,0.008362169035278973,0.01215698899977724,0.0,21.0,0.22799999999987364,0.0006697163991944456,0.0005908296635994977,21,0.4975673284799797,0,0.15572419720419958,,0,64,0.7529411764705882,1.0,,1.0,,1.0,1.0,1.0,0.7447961351044284,,0.035153927105356676,0.034810575633286,0.2580934184134663,"[-0.06750637895500429, -0.04761472497170049, 0.25856186650364643]",[]
eval_matched_predictive_h+6mm_seed43_nominal,matched_predictive,0.006,0.0,noisy_delayed,43,nominal,pad_matched_predictive_20260921T084313_444637Z,/home/ibrahim/Documents/GO-2 PRIMP/primp_project/results/landing_pad/study_v2/evaluation/pad_matched_predictive_20260921T084313_444637Z,True,True,completed,,e3cc580065831059bb7286330ffe467a495d8d91b43b01fea25eb7d53f6c54bd,"{'model/model.npz': '603829ce172190363291b5703aae84d4cfb64e019375ccaf32fccd4d8c133fe4', 'model/model.json': '41cd130a59870e8858ae4184fc43cd18707b07692a6fab3be6e940b243f62dd6', 'recovery_model/recovery.npz': '2ec6f32dce0e213086fe50537863d28ad293512fa91311c7f63112741f09c9ee', 'recovery_model/recovery.json': '6f9dadd6dbdab0d0c4a69721b85926ccb6b4d23c7cff68c4753fd26a92938882'}",0.03,1.4998025979253866,0.1422789412260335,0.5120072355145816,0.0150153993320345,2.7339999999984848,12.671999999992977,30.375999999994043,0.00047541820503938133,0.003878007069816217,0.005401068001447129,0.0,25.0,0.07399999999995899,6.37969904623524e-05,4.897487408664579e-05,25,0.8310854698634585,0,0.8380000000017525,,0,0,0.0,1.0,,,,,1.0,1.0,0.6858552037887233,,0.02947733749396559,0.029821512472740265,0.258082529990701,"[-0.06705373234519525, -0.04732254047824126, 0.25823028514971236]",[]
eval_matched_learned_h+6mm_seed43_nominal,matched_learned,0.006,0.0,noisy_delayed,43,nominal,pad_matched_learned_20260921T084314_548011Z,/home/ibrahim/Documents/GO-2 PRIMP/primp_project/results/landing_pad/study_v2/evaluation/pad_matched_learned_20260921T084314_548011Z,True,True,completed,,e3cc580065831059bb7286330ffe467a495d8d91b43b01fea25eb7d53f6c54bd,"{'model/model.npz': '603829ce172190363291b5703aae84d4cfb64e019375ccaf32fccd4d8c133fe4', 'model/model.json': '41cd130a59870e8858ae4184fc43cd18707b07692a6fab3be6e940b243f62dd6', 'recovery_model/recovery.npz': '2ec6f32dce0e213086fe50537863d28ad293512fa91311c7f63112741f09c9ee', 'recovery_model/recovery.json': '6f9dadd6dbdab0d0c4a69721b85926ccb6b4d23c7cff68c4753fd26a92938882'}",0.03,1.5311476690468757,0.14562447146385593,0.5222228002219479,0.015045694209376641,2.9239999999983795,12.849999999992878,30.553999999993945,0.0006146797876655057,0.009446647705212504,0.05559669099966413,0.0,16.0,0.12199999999993238,0.0002700641857902898,0.00018000878112152792,16,0.4575688327912253,0,0.17507158500307862,,0,62,0.7948717948717948,1.0,,1.0,,1.0,1.0,1.0,0.811767927870731,,0.02947733749396559,0.029821513140061456,0.2580825299830861,"[-0.06705373234519525, -0.04732254047824126, 0.25823028514971236]",[]
eval_matched_no_body_foot_correlation_h+6mm_seed43_nominal,matched_no_body_foot_correlation,0.006,0.0,noisy_delayed,43,nominal,pad_matched_no_body_foot_correlation_20260921T084353_199910Z,/home/ibrahim/Documents/GO-2 PRIMP/primp_project/results/landing_pad/study_v2/evaluation/pad_matched_no_body_foot_correlation_20260921T084353_199910Z,True,True,completed,,e3cc580065831059bb7286330ffe467a495d8d91b43b01fea25eb7d53f6c54bd,"{'model/model.npz': '603829ce172190363291b5703aae84d4cfb64e019375ccaf32fccd4d8c133fe4', 'model/model.json': '41cd130a59870e8858ae4184fc43cd18707b07692a6fab3be6e940b243f62dd6', 'recovery_model/recovery.npz': '2ec6f32dce0e213086fe50537863d28ad293512fa91311c7f63112741f09c9ee', 'recovery_model/recovery.json': '6f9dadd6dbdab0d0c4a69721b85926ccb6b4d23c7cff68c4753fd26a92938882'}",0.03,1.5729078871147242,0.14677408336837763,0.5199951325913312,0.015065760487173775,2.913999999998385,12.849999999992878,30.553999999993945,0.0006163350096430216,0.009102779822661673,0.01677520599878335,0.0,17.0,0.1179999999999346,0.0002473949310296507,0.0001266485983906816,17,0.4675989946797292,0,0.182198661563409,,0,62,0.7848101265822784,1.0,,1.0,,1.0,1.0,1.0,0.7787341473593042,,0.02947733749396559,0.029821508884070418,0.2580825299475746,"[-0.06705373234519525, -0.04732254047824126, 0.25823028514971236]",[]
eval_matched_no_timing_adaptation_h+6mm_seed43_nominal,matched_no_timing_adaptation,0.006,0.0,noisy_delayed,43,nominal,pad_matched_no_timing_adaptation_20260921T084353_722096Z,/home/ibrahim/Documents/GO-2 PRIMP/primp_project/results/landing_pad/study_v2/evaluation/pad_matched_no_timing_adaptation_20260921T084353_722096Z,True,True,completed,,e3cc580065831059bb7286330ffe467a495d8d91b43b01fea25eb7d53f6c54bd,"{'model/model.npz': '603829ce172190363291b5703aae84d4cfb64e019375ccaf32fccd4d8c133fe4', 'model/model.json': '41cd130a59870e8858ae4184fc43cd18707b07692a6fab3be6e940b243f62dd6', 'recovery_model/recovery.npz': '2ec6f32dce0e213086fe50537863d28ad293512fa91311c7f63112741f09c9ee', 'recovery_model/recovery.json': '6f9dadd6dbdab0d0c4a69721b85926ccb6b4d23c7cff68c4753fd26a92938882'}",0.03,1.5033419714210783,0.14121823459287117,0.5217647239795442,0.01504425780635324,2.707999999998499,12.763999999992926,30.467999999993992,0.0006982529318941087,0.00872094694518687,0.017540612001539557,0.0,22.0,0.08399999999995345,0.00011364988673122009,7.869788391942973e-05,22,0.7405315913022599,0,0.17823761779113959,,0,69,0.7582417582417582,1.0,,1.0,,1.0,1.0,1.0,0.5963202421481104,,0.02947733749396559,0.029821507198456366,0.25808252992733016,"[-0.06705373234519525, -0.04732254047824126, 0.25823028514971236]",[]
eval_matched_no_noncontact_updates_h+6mm_seed43_nominal,matched_no_noncontact_updates,0.006,0.0,noisy_delayed,43,nominal,pad_matched_no_noncontact_updates_20260921T084354_478478Z,/home/ibrahim/Documents/GO-2 PRIMP/primp_project/results/landing_pad/study_v2/evaluation/pad_matched_no_noncontact_updates_20260921T084354_478478Z,True,True,completed,,e3cc580065831059bb7286330ffe467a495d8d91b43b01fea25eb7d53f6c54bd,"{'model/model.npz': '603829ce172190363291b5703aae84d4cfb64e019375ccaf32fccd4d8c133fe4', 'model/model.json': '41cd130a59870e8858ae4184fc43cd18707b07692a6fab3be6e940b243f62dd6', 'recovery_model/recovery.npz': '2ec6f32dce0e213086fe50537863d28ad293512fa91311c7f63112741f09c9ee', 'recovery_model/recovery.json': '6f9dadd6dbdab0d0c4a69721b85926ccb6b4d23c7cff68c4753fd26a92938882'}",0.03,1.6014880165796783,0.14704414976229635,0.5233932393911652,0.01501269896153732,2.911999999998386,12.763999999992926,30.467999999993992,0.0008339608512200475,0.00900042540008144,0.012257110000064131,0.0,15.0,0.15799999999991243,0.00034829714254460895,0.00032786544779466115,15,0.7405278309202011,0,0.16438304819955182,,0,60,0.8,1.0,,1.0,,1.0,1.0,1.0,0.9060907581610677,,0.02947733749396559,0.029821513140061456,0.2580825299830861,"[-0.06705373234519525, -0.04732254047824126, 0.25823028514971236]",[]
eval_matched_predictive_h+6mm_seed43_raised,matched_predictive,0.006,0.0,noisy_delayed,43,raised,pad_matched_predictive_20260921T084355_998366Z,/home/ibrahim/Documents/GO-2 PRIMP/primp_project/results/landing_pad/study_v2/evaluation/pad_matched_predictive_20260921T084355_998366Z,True,True,completed,,e3cc580065831059bb7286330ffe467a495d8d91b43b01fea25eb7d53f6c54bd,"{'model/model.npz': '603829ce172190363291b5703aae84d4cfb64e019375ccaf32fccd4d8c133fe4', 'model/model.json': '41cd130a59870e8858ae4184fc43cd18707b07692a6fab3be6e940b243f62dd6', 'recovery_model/recovery.npz': '2ec6f32dce0e213086fe50537863d28ad293512fa91311c7f63112741f09c9ee', 'recovery_model/recovery.json': '6f9dadd6dbdab0d0c4a69721b85926ccb6b4d23c7cff68c4753fd26a92938882'}",0.035,1.5502662115480077,0.14642105008210743,0.5107150341517622,0.015017598821714672,2.8839999999984016,12.79199999999291,30.495999999993977,0.0005175508577253459,0.0037637827561899564,0.004961312999512302,0.0,21.0,0.13399999999992573,0.00026073881110190086,0.0002033399910665244,21,0.714910585329958,0,0.7200000000018179,,0,0,0.0,1.0,,,,,1.0,1.0,0.565828989215521,,0.03446626063264583,0.03481056923698525,0.2580934183574211,"[-0.06705996066041112, -0.04732146692758559, 0.2582412882440736]",[]
eval_matched_learned_h+6mm_seed43_raised,matched_learned,0.006,0.0,noisy_delayed,43,raised,pad_matched_learned_20260921T084435_433295Z,/home/ibrahim/Documents/GO-2 PRIMP/primp_project/results/landing_pad/study_v2/evaluation/pad_matched_learned_20260921T084435_433295Z,True,True,completed,,e3cc580065831059bb7286330ffe467a495d8d91b43b01fea25eb7d53f6c54bd,"{'model/model.npz': '603829ce172190363291b5703aae84d4cfb64e019375ccaf32fccd4d8c133fe4', 'model/model.json': '41cd130a59870e8858ae4184fc43cd18707b07692a6fab3be6e940b243f62dd6', 'recovery_model/recovery.npz': '2ec6f32dce0e213086fe50537863d28ad293512fa91311c7f63112741f09c9ee', 'recovery_model/recovery.json': '6f9dadd6dbdab0d0c4a69721b85926ccb6b4d23c7cff68c4753fd26a92938882'}",0.035,1.5848450808083496,0.15161746648770258,0.5186348368095588,0.015058040651124125,3.169999999998243,13.09999999999274,30.803999999993806,0.000604396019314354,0.008777415932548067,0.01805145099933725,0.0,21.0,0.09999999999994458,0.0002619974739232339,0.00014180963520200036,21,0.3696165591885866,0,0.16562292284234076,,0,68,0.7640449438202247,1.0,,1.0,,1.0,1.0,1.0,0.6450888095860426,,0.03446626063264583,0.03481057386549335,0.2580934183980928,"[-0.06705996066041112, -0.04732146692758559, 0.2582412882440736]",[]
eval_matched_no_body_foot_correlation_h+6mm_seed43_raised,matched_no_body_foot_correlation,0.006,0.0,noisy_delayed,43,raised,pad_matched_no_body_foot_correlation_20260921T084435_852528Z,/home/ibrahim/Documents/GO-2 PRIMP/primp_project/results/landing_pad/study_v2/evaluation/pad_matched_no_body_foot_correlation_20260921T084435_852528Z,True,True,completed,,e3cc580065831059bb7286330ffe467a495d8d91b43b01fea25eb7d53f6c54bd,"{'model/model.npz': '603829ce172190363291b5703aae84d4cfb64e019375ccaf32fccd4d8c133fe4', 'model/model.json': '41cd130a59870e8858ae4184fc43cd18707b07692a6fab3be6e940b243f62dd6', 'recovery_model/recovery.npz': '2ec6f32dce0e213086fe50537863d28ad293512fa91311c7f63112741f09c9ee', 'recovery_model/recovery.json': '6f9dadd6dbdab0d0c4a69721b85926ccb6b4d23c7cff68c4753fd26a92938882'}",0.035,1.578447268927472,0.1477591934367142,0.5181914711478322,0.015047473951065664,3.1639999999982464,13.04399999999277,30.747999999993837,0.0006591850551236622,0.00855630307873316,0.013647759000377846,0.0,23.0,0.13599999999992463,0.0003601865683067404,0.00021930297411545783,23,0.4006702250113457,0,0.1704780681285224,,0,66,0.7415730337078652,1.0,,1.0,,1.0,1.0,1.0,0.6770875447714776,,0.03446626063264583,0.03481056866696625,0.2580934183547406,"[-0.06705996066041112, -0.04732146692758559, 0.2582412882440736]",[]
eval_matched_no_timing_adaptation_h+6mm_seed43_raised,matched_no_timing_adaptation,0.006,0.0,noisy_delayed,43,raised,pad_matched_no_timing_adaptation_20260921T084436_543459Z,/home/ibrahim/Documents/GO-2 PRIMP/primp_project/results/landing_pad/study_v2/evaluation/pad_matched_no_timing_adaptation_20260921T084436_543459Z,True,True,completed,,e3cc580065831059bb7286330ffe467a495d8d91b43b01fea25eb7d53f6c54bd,"{'model/model.npz': '603829ce172190363291b5703aae84d4cfb64e019375ccaf32fccd4d8c133fe4', 'model/model.json': '41cd130a59870e8858ae4184fc43cd18707b07692a6fab3be6e940b243f62dd6', 'recovery_model/recovery.npz': '2ec6f32dce0e213086fe50537863d28ad293512fa91311c7f63112741f09c9ee', 'recovery_model/recovery.json': '6f9dadd6dbdab0d0c4a69721b85926ccb6b4d23c7cff68c4753fd26a92938882'}",0.035,1.5611632509391,0.14447978975215597,0.5201194925558176,0.015051408683926213,2.857999999998416,12.909999999992845,30.61399999999391,0.000761979089560218,0.008569610494086225,0.012798534000467043,0.0,19.0,0.09799999999994569,0.00019379788961153624,0.00011821313266349381,19,0.5964845967667838,0,0.16685136852050644,,0,64,0.7710843373493976,1.0,,1.0,,1.0,1.0,1.0,0.4475322498339916,,0.03446626063264583,0.034810563714558033,0.25809341830403487,"[-0.06705996066041112, -0.04732146692758559, 0.2582412882440736]",[]
eval_matched_no_noncontact_updates_h+6mm_seed43_raised,matched_no_noncontact_updates,0.006,0.0,noisy_delayed,43,raised,pad_matched_no_noncontact_updates_20260921T084437_633000Z,/home/ibrahim/Documents/GO-2 PRIMP/primp_project/results/landing_pad/study_v2/evaluation/pad_matched_no_noncontact_updates_20260921T084437_633000Z,True,True,completed,,e3cc580065831059bb7286330ffe467a495d8d91b43b01fea25eb7d53f6c54bd,"{'model/model.npz': '603829ce172190363291b5703aae84d4cfb64e019375ccaf32fccd4d8c133fe4', 'model/model.json': '41cd130a59870e8858ae4184fc43cd18707b07692a6fab3be6e940b243f62dd6', 'recovery_model/recovery.npz': '2ec6f32dce0e213086fe50537863d28ad293512fa91311c7f63112741f09c9ee', 'recovery_model/recovery.json': '6f9dadd6dbdab0d0c4a69721b85926ccb6b4d23c7cff68c4753fd26a92938882'}",0.035,1.6166481685376188,0.15170096027817603,0.5214192969719589,0.015016014276622233,3.1639999999982464,13.003999999992793,30.70799999999386,0.0008916582071781479,0.008730087780350004,0.01204430500001763,0.0,17.0,0.1439999999999202,0.0003986520048014121,0.0003829175980586759,17,0.5035067448873736,0,0.1519172364180598,,0,65,0.7926829268292683,1.0,,1.0,,1.0,1.0,1.0,0.77044152151609,,0.03446626063264583,0.03481057386549335,0.2580934183980928,"[-0.06705996066041112, -0.04732146692758559, 0.2582412882440736]",[]
